bigg.metabolite,bigg.reaction,Mode,metabolite_id
10fthf,MTHFC,-,10fthf_c
10fthf,MTHFD,-,10fthf_c
15dap,DHFR,-,15dap_c
15dap,LYSTRS,-,15dap_c
1pyr5c,CTPS2,-,1pyr5c_c
1pyr5c,GF6PTA,-,1pyr5c_c
23dappa,DAPDC,-,23dappa_c
23dappa,GF6PTA,-,23dappa_c
23dappa,PANTS,-,23dappa_c
23dappa,SERD_D,-,23dappa_c
26dap__M,ARGabcpp,-,26dap__M_c
2cpr5p,PRAIi,-,2cpr5p_c
2dda7p,DDPA,-,2dda7p_c
2dda7p,DHQS,-,2dda7p_c
2ddg6p,GLCRAL,-,2ddg6p_c
2ddg6p,GLGC,+,2ddg6p_c
2dr5p,GLGC,+,2dr5p_c
2obut,ACHBS,-,2obut_c
2obut,GLGC,+,2obut_c
2obut,HOPNTAL,-,2obut_c
2obut,LDH_D,+,2obut_c
2obut,PDH,-,2obut_c
2pg,DDPA,-,2pg_c
2pg,G3PD2,-,2pg_c
2pg,MGSA,-,2pg_c
2pglyc,ASPT,-,2pglyc_c
2pglyc,TPI,-,2pglyc_c
3dhq,DHQTi,-,3dhq_c
3hpp,PANTS,-,3hpp_c
3mob,VALTA,-,3mob_c
3pg,FBA,-,3pg_c
3pg,GDPMNP,-,3pg_c
3pg,GLGC,+,3pg_c
3pg,ICL,-,3pg_c
3pg,MGSA,-,3pg_c
3pg,PGCD,-,3pg_c
3pg,PPCK,-,3pg_c
3pg,PTHRpp,+,3pg_c
3psme,PSCVT,-,3psme_c
3sala,ASNS1,-,3sala_c
4abut,PANTS,-,4abut_c
4abz,ADCS,+,4abz_c
4ahmmp,HMPK1,-,4ahmmp_c
4hbz,ANS,-,4hbz_c
4hbz,CHRPL,-,4hbz_c
4hthr,4HTHRS,-,4hthr_c
4mop,HOPNTAL,-,4mop_c
4per,A5PISO,-,4per_c
4ppan,PPNCL2,-,4ppan_c
5mta,AHCYSNS,-,5mta_c
5mta,APCS,-,5mta_c
5mthf,DHFS,-,5mthf_c
6hmhpt,DHNPA2r,-,6hmhpt_c
6pgc,DDPGALA,-,6pgc_c
6pgc,KG6PDC,-,6pgc_c
6pgc,PGI,-,6pgc_c
6pgc,RPI,-,6pgc_c
8aonn,AMAOTr,-,8aonn_c
8aonn,AOXSr2,-,8aonn_c
aacoa,ACACT1r,-,aacoa_c
aacoa,PNTK,-,aacoa_c
ac,ACODA,-,ac_c
ac,ADPT,+,ac_c
ac,AGDC,-,ac_c
ac,ASPCT,-,ac_c
ac,CYANST,-,ac_c
ac,DHQTi,-,ac_c
ac,DURIK1,-,ac_c
ac,GLCRAL,-,ac_c
acald,ACALD,-,acald_c
acald,BETALDHx,-,acald_c
acald,PDH,-,acald_c
accoa,3OAR100,-,accoa_c
accoa,3OAS121,-,accoa_c
accoa,CS,+,accoa_c
accoa,FORCT,-,accoa_c
accoa,ME2,-,accoa_c
accoa,OXCDC,-,accoa_c
accoa,PDH,-,accoa_c
accoa,PNTK,-,accoa_c
accoa,PPC,+,accoa_c
accoa,PPCK,+,accoa_c
acgam1p,G1PACT,-,acgam1p_c
acgam1p,UACMAMO,+,acgam1p_c
acgam6p,AGDC,-,acgam6p_c
acgam6p,G6PDA,+,acgam6p_c
acglu,ACGS,-,acglu_c
acglu,CBPS,+,acglu_c
acon_C,FUM,-,acon_C_c
acon_C,GLUSy,-,acon_C_c
acon_C,ICL,-,acon_C_c
acon_T,ACONMT,-,acon_T_c
acon_T,FUM,-,acon_T_c
actp,ME2,+,actp_c
actp,TMPPP,-,actp_c
ade,AHCYSNS,-,ade_c
ade,AMAOTr,-,ade_c
ade,CTPS2,-,ade_c
ade,DBTS,-,ade_c
ade,DURIK1,-,ade_c
ade,ORPT,-,ade_c
adn,AHCYSNS,-,adn_c
adn,AMAOTr,-,adn_c
adn,ASPCT,+,adn_c
adn,CTPS2,-,adn_c
adn,CYTD,-,adn_c
adn,GMPS2,-,adn_c
adn,LEUTRS,-,adn_c
adn,METTRS,-,adn_c
adn,NADS1,-,adn_c
adn,ORPT,-,adn_c
adn,PUNP1,-,adn_c
adp,ACGAMK,-,adp_c
adp,ADNCYC,-,adp_c
adp,ADSK,-,adp_c
adp,AGMHE,-,adp_c
adp,ASNN,-,adp_c
adp,ATPS4rpp,-,adp_c
adp,CDAPPA120,-,adp_c
adp,DBTS,-,adp_c
adp,DPR,-,adp_c
adp,FBP,-,adp_c
adp,FRUK,-,adp_c
adp,G3PD2,-,adp_c
adp,GDPMNP,-,adp_c
adp,GLCS1,-,adp_c
adp,GLU5K,-,adp_c
adp,GLUPRT,-,adp_c
adp,GLUSy,-,adp_c
adp,GLYK,-,adp_c
adp,GMPS2,-,adp_c
adp,GSNK,-,adp_c
adp,GTPCI,-,adp_c
adp,IMPD,-,adp_c
adp,LDH_D,-,adp_c
adp,LEUTRS,-,adp_c
adp,NADS1,-,adp_c
adp,NDPK1,-,adp_c
adp,NTD1,-,adp_c
adp,NTD10,-,adp_c
adp,ORPT,-,adp_c
adp,OXCDC,+,adp_c
adp,PFK,+,adp_c
adp,PNTK,-,adp_c
adp,PPS,-,adp_c
adp,PRAIS,-,adp_c
adp,PRPPS,-,adp_c
adp,PTA2,-,adp_c
adp,PTHRpp,+,adp_c
adp,THD2pp,+,adp_c
adp,TMPK,-,adp_c
adp,TMPPP,-,adp_c
adp,UAMAS,-,adp_c
adp,UAPGR,-,adp_c
adpglc,AGMHE,-,adpglc_c
adpglc,GLCP2,-,adpglc_c
adpglc,PPS,-,adpglc_c
adpglc,UDPGALPpp,-,adpglc_c
adprib,ACALD,-,adprib_c
adprib,G3PD2,-,adprib_c
adprib,UAPGR,-,adprib_c
agm,ARGDC,-,agm_c
ahcys,ACONMT,-,ahcys_c
ahcys,AHCYSNS,-,ahcys_c
ahcys,AMAOTr,-,ahcys_c
ahcys,CFAS160E,-,ahcys_c
ahcys,HCYSMT,-,ahcys_c
ahcys,OBTFL,-,ahcys_c
air,PRAIS,-,air_c
akg,ABTA,-,akg_c
akg,CS,-,akg_c
akg,FBA,+,akg_c
akg,ICL,-,akg_c
akg,ILETA,-,akg_c
akg,PPS,-,akg_c
akg,PTHRpp,+,akg_p
akg,SDPTA,-,akg_c
akg,SUCOAS,-,akg_c
ala__D,CSND,+,ala__D_c
ala__D,GHMT2r,-,ala__D_c
ala__L,DDPA,-,ala__L_c
ala__L,GLNS,-,ala__L_c
ala__L,GLUSy,-,ala__L_c
ala__L,OCBT,-,ala__L_c
ala__L,PANTS,-,ala__L_c
ala__L,PGCD,-,ala__L_c
ala__L,SERAT,-,ala__L_c
ala__L,SERD_D,-,ala__L_c
ala__L,TRPAS2,-,ala__L_c
ala__L,VPAMTr,-,ala__L_c
ala_B,PGCD,-,ala_B_c
ala_B,PRAGSr,-,ala_B_c
alaala,ALAALAr,-,alaala_c
altrn,MANAO,-,altrn_c
altrn,MNNH,+,altrn_c
amet,ADMDC,-,amet_c
amet,HCYSMT,-,amet_c
amet,HSST,-,amet_c
amet,METS,+,amet_c
amet,OBTFL,+,amet_c
ametam,ADMDC,-,ametam_c
ametam,APCS,-,ametam_c
amp,23PDE2pp,-,amp_p
amp,AB6PGH,-,amp_c
amp,ACALD,-,amp_c
amp,ACS,-,amp_c
amp,ADK1,-,amp_c
amp,ADPT,-,amp_c
amp,ARGTRS,-,amp_c
amp,ASNN,+,amp_c
amp,ASNS2,-,amp_c
amp,ATPPRT,-,amp_c
amp,CDAPPA120,-,amp_c
amp,DASYN120,+,amp_c
amp,DBTS,-,amp_c
amp,DGK1,-,amp_c
amp,DPR,-,amp_c
amp,FBP,-,amp_c
amp,FMNRx2,-,amp_c
amp,G3PD2,-,amp_c
amp,GDPMNP,-,amp_c
amp,GLCP2,+,amp_c
amp,GLNS,-,amp_c
amp,GLUPRT,-,amp_c
amp,GMPR,-,amp_c
amp,IMPD,-,amp_c
amp,LEUTRS,-,amp_c
amp,NADS1,-,amp_c
amp,NTD10,-,amp_c
amp,ORPT,-,amp_c
amp,OXCDC,+,amp_c
amp,PANTS,-,amp_c
amp,PNTK,-,amp_c
amp,PPS,-,amp_c
amp,PRPPS,-,amp_c
amp,PTHRpp,+,amp_p
amp,PYDAMK,-,amp_c
amp,PYK,+,amp_c
amp,RPI,-,amp_c
amp,SELNPS,-,amp_c
amp,THD2pp,+,amp_c
amp,TMPK,-,amp_c
amp,TYRTRS,-,amp_c
anth,IGPS,-,anth_c
ap5a,ADK1,-,ap5a_c
ap5a,CBPS,-,ap5a_c
apoACP,ACPS1,-,apoACP_c
appl,ETHAAL,-,appl_c
aps,ADSK,-,aps_c
ara5p,RPI,-,ara5p_c
ara5p,TALA,-,ara5p_c
ara5p,TKT1,-,ara5p_c
arg__L,ACGK,-,arg__L_c
arg__L,ACGS,-,arg__L_c
arg__L,AGMT,-,arg__L_c
arg__L,ARGDC,-,arg__L_c
asn__L,ASNN,+,asn__L_c
asn__L,ASNS1,-,asn__L_c
asn__L,ASNS2,-,asn__L_c
asn__L,GLUSy,-,asn__L_c
asn__L,OCBT,-,asn__L_c
aso3,ASO3t8pp,+,aso3_c
aso3,NTRIR2x,-,aso3_c
aso3,SULR,-,aso3_c
aso3,TRDR,-,aso3_c
aso4,GLCP2,-,aso4_c
aso4,MGSA,-,aso4_c
aso4,OCBT,-,aso4_c
aso4,PIuabcpp,-,aso4_c
asp__L,ASNN,-,asp__L_c
asp__L,ASNS1,-,asp__L_c
asp__L,ASNS2,-,asp__L_c
asp__L,ASPCT,-,asp__L_c
asp__L,ASPT,+,asp__L_c
asp__L,CSND,+,asp__L_c
asp__L,GLUSy,-,asp__L_c
asp__L,ME2,+,asp__L_c
asp__L,PANTS,-,asp__L_c
asp__L,PPC,-,asp__L_c
aspsa,ASPT,-,aspsa_c
aspsa,HSK,-,aspsa_c
athr__L,PGCD,-,athr__L_c
atp,3KGK,-,atp_c
atp,3NTD2pp,-,atp_c
atp,AB6PGH,-,atp_c
atp,ACGK,-,atp_c
atp,ADNCYC,-,atp_c
atp,ADSK,-,atp_c
atp,AGMHE,-,atp_c
atp,AMPN,+,atp_c
atp,ARGTRS,-,atp_c
atp,ASNN,-,atp_c
atp,ASO3t8pp,-,atp_c
atp,ASPCT,+,atp_c
atp,ATPPRT,-,atp_c
atp,CDAPPA120,-,atp_c
atp,CS,-,atp_c
atp,DASYN120,+,atp_c
atp,DPR,-,atp_c
atp,FBP,-,atp_c
atp,G3PAT120,+,atp_c
atp,G3PD2,-,atp_c
atp,G6PDH2r,-,atp_c
atp,GDPMNP,-,atp_c
atp,GDPTPDP,+,atp_c
atp,GLUDy,+,atp_c
atp,GLUSy,-,atp_c
atp,GMPR,-,atp_c
atp,GND,-,atp_c
atp,GSNK,+,atp_c
atp,GTPCI,-,atp_c
atp,HSDy,+,atp_c
atp,IMPD,-,atp_c
atp,Kabcpp,+,atp_c
atp,LDH_D,-,atp_c
atp,MANAO,-,atp_c
atp,MTHFD,-,atp_c
atp,NTD1,-,atp_c
atp,NTD10,-,atp_c
atp,NTP12,-,atp_c
atp,NTPP1,-,atp_c
atp,ORPT,-,atp_c
atp,OXCDC,+,atp_c
atp,PFK,-,atp_c
atp,PPCK,-,atp_c
atp,PPS,-,atp_c
atp,PTA2,-,atp_c
atp,PTHRpp,+,atp_c
atp,PYK,-,atp_c
atp,RBK,-,atp_c
atp,RNDR1,+,atp_c
atp,SERAT,-,atp_c
atp,SUCOAS,-,atp_c
atp,TAGURr,-,atp_c
atp,THD2pp,+,atp_c
atp,TMK,+,atp_c
atp,TMPPP,-,atp_c
betald,BETALDHx,-,betald_c
btn,ACCOAC,+,btn_c
but,UAAGDS,-,but_c
camp,AB6PGH,-,camp_c
camp,CDAPPA120,-,camp_c
camp,ME2,-,camp_c
cbm,RNDR1,-,cbm_c
cbp,GLNS,-,cbp_c
cdp,PPC,+,cdp_c
cdp,RNDR1,-,cdp_c
chol,BETALDHx,-,chol_c
cinnm,KAS15,-,cinnm_c
cit,ACCOAC,+,cit_c
cit,ASPT,-,cit_c
cit,CHORM,-,cit_c
cit,FBA,+,cit_c
cit,FBP,+,cit_c
cit,FUM,-,cit_c
cit,GALCTD,-,cit_c
cit,GLCS1,+,cit_c
cit,LACZ,-,cit_c
cit,PFK,-,cit_c
cit,PPC,-,cit_c
citr__L,ACGS,-,citr__L_c
citr__L,ARGDC,-,citr__L_c
citr__L,ARGTRS,-,citr__L_c
cmp,AB6PGH,-,cmp_c
cmp,CDAPPA120,-,cmp_c
cmp,GSNK,+,cmp_c
cmp,KDOCT2,-,cmp_c
cmp,PPC,+,cmp_c
coa,3OAR100,-,coa_c
coa,ACGS,-,coa_c
coa,FORCT,-,coa_c
coa,G3PAT120,-,coa_c
coa,GND,-,coa_c
coa,MALTATr,-,coa_c
coa,MOHMT,-,coa_c
coa,OXCDC,-,coa_c
coa,PNTK,-,coa_c
coa,PTPATi,-,coa_c
coa,SERAT,-,coa_c
ctp,3NTD2pp,-,ctp_c
ctp,CTPS2,-,ctp_c
ctp,CYTDK2,-,ctp_c
ctp,DASYN120,-,ctp_c
ctp,DXYLK,-,ctp_c
ctp,GLNS,-,ctp_c
ctp,GLUSy,-,ctp_c
ctp,MEPCT,-,ctp_c
ctp,NTD1,-,ctp_c
ctp,NTD10,-,ctp_c
ctp,NTPP1,-,ctp_c
ctp,TMPPP,-,ctp_c
cyan,ADMDC,-,cyan_c
cyan,CAT,-,cyan_c
cyan,CYANST,-,cyan_c
cyan,DDPA,-,cyan_c
cyan,GLCP2,-,cyan_c
cyan,GLCRAL,-,cyan_c
cyan,MCPST,-,cyan_c
cyan,NO3R2bpp,-,cyan_c
cyan,NODOx,-,cyan_c
cyan,NTRIR2x,-,cyan_c
cyan,SELCYSS,-,cyan_c
cyan,SPMDAT2,-,cyan_c
cyan,SPODM,-,cyan_c
cyan,SULR,-,cyan_c
cyan,TRDR,-,cyan_c
cynt,CBPS,-,cynt_c
cynt,HCO3E,-,cynt_c
cynt,PPA,-,cynt_c
cys__D,ARGabcpp,+,cys__D_c
cys__D,CYSDDS,-,cys__D_c
cys__L,ADSK,+,cys__L_c
cys__L,ALTRH,+,cys__L_c
cys__L,AMPTASECG,-,cys__L_c
cys__L,AOXSr2,-,cys__L_c
cys__L,ARGabcpp,-,cys__L_c
cys__L,CYSDDS,-,cys__L_c
cys__L,CYSDS,-,cys__L_c
cys__L,CYSTRS,-,cys__L_c
cys__L,FBA,-,cys__L_c
cys__L,GLUSy,-,cys__L_c
cys__L,GUI1,-,cys__L_c
cys__L,HCYSMT,+,cys__L_c
cys__L,HSDy,-,cys__L_c
cys__L,HSK,-,cys__L_c
cys__L,LCADi,+,cys__L_c
cys__L,MCPST,-,cys__L_c
cys__L,PANTS,-,cys__L_c
cys__L,PPC,-,cys__L_c
cys__L,SERAT,-,cys__L_c
cys__L,TRDR,+,cys__L_c
cys__L,UAMAS,-,cys__L_c
cys__L,UGLT,+,cys__L_c
cys__L,ZN2abcpp,+,cys__L_c
cyst__L,ARGabcpp,-,cyst__L_c
cyst__L,HCYSMT,+,cyst__L_c
cytd,ASPCT,-,cytd_c
cytd,CYTD,+,cytd_c
dad_2,CYTD,-,dad_2_c
dad_2,GMPS2,-,dad_2_c
dad_2,PUNP1,-,dad_2_c
damp,NTPP1,-,damp_c
datp,3NTD2pp,-,datp_c
datp,LEUTRS,-,datp_c
datp,NTD1,-,datp_c
datp,NTD10,-,datp_c
datp,NTPP1,-,datp_c
datp,TYRTRS,-,datp_c
dcacoa,EDTXS1,-,dcacoa_c
dcdp,DURIK1,+,dcdp_c
dcdp,RNDR1,-,dcdp_c
dctp,3NTD2pp,-,dctp_c
dctp,ASPCT,-,dctp_c
dctp,DASYN120,-,dctp_c
dctp,DTMPK,-,dctp_c
dctp,DURIK1,+,dctp_c
dctp,NTD1,-,dctp_c
dctp,NTD10,-,dctp_c
dctp,NTPP1,-,dctp_c
dctp,RNDR1,+,dctp_c
ddcacoa,EDTXS1,-,ddcacoa_c
dgsn,CTPS2,-,dgsn_c
dgsn,CYTD,-,dgsn_c
dgtp,3NTD2pp,-,dgtp_c
dgtp,DGK1,-,dgtp_c
dgtp,GTPCI,-,dgtp_c
dgtp,NTD1,-,dgtp_c
dgtp,NTD10,-,dgtp_c
dgtp,NTPP1,-,dgtp_c
dgtp,NTPTP1,-,dgtp_c
dha,ACNML,-,dha_c
dhap,FBA,-,dhap_c
dhap,G3PAT120,-,dhap_c
dhap,G3PD2,-,dhap_c
dhap,MGSA,+,dhap_c
dhap,PPCK,-,dhap_c
dhf,DHFS,-,dhf_c
dhf,DHNPA2r,-,dhf_c
dhf,TMDS,-,dhf_c
dhpmp,DNTPPA,-,dhpmp_c
dhpt,DHFS,-,dhpt_c
dhpt,DHNPA2r,-,dhpt_c
dhpt,DHPS2,-,dhpt_c
dmso,THD2pp,-,dmso_c
dmso,UAGPT3,+,dmso_c
dpcoa,PNTK,-,dpcoa_c
dpcoa,PTPATi,-,dpcoa_c
dtbt,ACCOAC,-,dtbt_c
dtbt,DBTS,-,dtbt_c
dtdp,TDPGDH,-,dtdp_c
dtdpglu,G1PTT,-,dtdpglu_c
dtdpglu,GALUi,-,dtdpglu_c
dtdpglu,GLCP2,-,dtdpglu_c
dtdpglu,UDPG4E,-,dtdpglu_c
dtdprmn,G1PTT,-,dtdprmn_c
dtdprmn,GALUi,-,dtdprmn_c
dtmp,GSNK,+,dtmp_c
dtmp,TMDS,-,dtmp_c
dttp,3NTD2pp,-,dttp_c
dttp,DCTPD,-,dttp_c
dttp,DNTPPA,-,dttp_c
dttp,DTMPK,-,dttp_c
dttp,DURIK1,-,dttp_c
dttp,G1PTT,-,dttp_c
dttp,GTPCI,-,dttp_c
dttp,NTD1,-,dttp_c
dttp,NTD10,-,dttp_c
dttp,NTPP1,-,dttp_c
dttp,TDPGDH,-,dttp_c
dump,DTMPK,-,dump_c
duri,CYTD,-,duri_c
dutp,DCTPD,-,dutp_c
dutp,UPPRT,-,dutp_c
e4p,DDPA,-,e4p_c
etha,BETALDHx,-,etha_c
etha,G1SAT,+,etha_c
etha,LACZ,-,etha_c
etoh,ASPT,-,etoh_c
etoh,GDPDPK,+,etoh_c
f1p,FBP,-,f1p_c
f1p,PFK,-,f1p_c
f6p,AGDC,-,f6p_c
f6p,G6PDA,-,f6p_c
f6p,GLGC,+,f6p_c
f6p,PFK,-,f6p_c
f6p,PPCK,-,f6p_c
f6p,RPI,-,f6p_c
fad,ADSK,-,fad_c
fad,FMNRx2,-,fad_c
fald,ASAD,-,fald_c
fald,MDDCP1pp,-,fald_p
fald,MOHMT,-,fald_c
fdp,AB6PGH,-,fdp_c
fdp,DDPA,-,fdp_c
fdp,FBP,-,fdp_c
fdp,FRUK,-,fdp_c
fdp,GLGC,+,fdp_c
fdp,GLYK,-,fdp_c
fdp,GND,-,fdp_c
fdp,NNDPR,-,fdp_c
fdp,PFK,-,fdp_c
fdp,PPC,+,fdp_c
fdp,PPCK,-,fdp_c
fdp,PYK,+,fdp_c
for,DPR,+,for_c
for,FHL,-,for_c
for,OBTFL,-,for_c
fruur,TAGURr,-,fruur_c
fum,ADSS,-,fum_c
fum,ASP1DC,-,fum_c
fum,ASPCT,-,fum_c
fum,ME2,-,fum_c
fum,PPC,-,fum_c
g1p,GLCP2,-,g1p_c
g1p,UGLT,-,g1p_c
g3p,DDPGALA,-,g3p_c
g3p,DXPS,-,g3p_c
g3p,FBA,-,g3p_c
g3p,G3PD2,-,g3p_c
g3p,GLGC,+,g3p_c
g3p,PPS,-,g3p_c
g6p,FBP,-,g6p_c
g6p,GLGC,+,g6p_c
g6p,PYK,+,g6p_c
g6p,TREptspp,-,g6p_c
gal,LACZ,-,gal_c
gal1p,UGLT,-,gal1p_c
galct__D,GLCRAL,-,galct__D_c
galct__D,GLCRD,-,galct__D_c
gam6p,AGDC,-,gam6p_c
gam6p,GF6PTA,-,gam6p_c
gam6p,GLNS,-,gam6p_c
gcald,GCALDD,-,gcald_c
gcald,LCADi,-,gcald_c
gcald,RBP4E,-,gcald_c
gdp,ADSS,-,gdp_c
gdp,CTPS2,-,gdp_c
gdp,DGK1,-,gdp_c
gdp,GDMANE,-,gdp_c
gdp,GMAND,-,gdp_c
gdp,GSNK,-,gdp_c
gdp,GTPCI,-,gdp_c
gdp,IMPD,-,gdp_c
gdp,LYSDC,-,gdp_c
gdp,NDPK1,-,gdp_c
gdp,NTPTP1,-,gdp_c
gdp,ORNDC,+,gdp_c
gdp,PFK,+,gdp_c
gdp,RNDR1,-,gdp_c
gdpfuc,GMAND,-,gdpfuc_c
gdptp,LYSDC,-,gdptp_c
gdptp,ORNDC,+,gdptp_c
glc__D,GLCP2,-,glc__D_c
glc__D,PPBNGS,-,glc__D_c
glc__D,TREptspp,-,glc__D_c
glc__D,XYLI1,-,glc__D_c
glcn,MNNH,-,glcn_c
glcn,PANTS,-,glcn_c
glcr,ALTRH,-,glcr_c
glcr,GLCRAL,-,glcr_c
gln__L,ADCS,+,gln__L_c
gln__L,CSND,+,gln__L_c
gln__L,GLUDy,-,gln__L_c
glu5sa,CTPS2,-,glu5sa_c
glu5sa,GF6PTA,-,glu5sa_c
glu__D,GLUDy,-,glu__D_c
glu__D,GLUSy,-,glu__D_c
glu__L,ASPK,-,glu__L_c
glu__L,CSND,+,glu__L_c
glu__L,DAPDC,-,glu__L_c
glu__L,GF6PTA,-,glu__L_c
glu__L,GLNTRS,-,glu__L_c
glu__L,GLUSy,-,glu__L_c
glu__L,HSK,-,glu__L_c
glu__L,ME2,+,glu__L_c
glu__L,PRFGS,-,glu__L_c
glu__L,TMDS,-,glu__L_c
glu__L,UAMAGS,-,glu__L_c
glx,ACHBS,-,glx_c
glx,HOPNTAL,-,glx_c
glx,ICL,-,glx_c
glx,PDH,-,glx_c
gly,ALAALAr,-,gly_c
gly,CSND,+,gly_c
gly,FTHFD,-,gly_c
gly,GLNS,-,gly_c
gly,GLUSy,-,gly_c
gly,OCBT,-,gly_c
gly,PGCD,-,gly_c
gly,SERAT,-,gly_c
gly,SERD_D,-,gly_c
gly,UAMAS,-,gly_c
glyald,BETALDHx,-,glyald_c
glyald,DXPS,-,glyald_c
glyb,GLNS,+,glyb_c
glyc,ASPT,+,glyc_c
glyc,FUM,-,glyc_c
glyc,GLYK,-,glyc_c
glyc,TMDS,-,glyc_c
glyc3p,AB6PGH,-,glyc3p_c
glyc3p,FBA,+,glyc3p_c
glyc3p,G3PD2,-,glyc3p_c
glyc3p,GLYK,-,glyc3p_c
glyc3p,PGSA120,-,glyc3p_c
glyclt,GCALDD,-,glyclt_c
glyclt,ICL,-,glyclt_c
glyclt,MALS,-,glyclt_c
glyclt,PANTS,-,glyclt_c
gmp,ADPT,-,gmp_c
gmp,CDAPPA120,-,gmp_c
gmp,CTPS2,-,gmp_c
gmp,GLUPRT,-,gmp_c
gmp,GMPS2,-,gmp_c
gmp,GSNK,-,gmp_c
gmp,IMPD,-,gmp_c
gsn,CTPS2,-,gsn_c
gsn,CYTD,-,gsn_c
gsn,DGK1,-,gsn_c
gthox,ADSK,-,gthox_c
gthox,ASAD,-,gthox_c
gthox,GTHOr,-,gthox_c
gthox,PAPSR,-,gthox_c
gtp,3NTD2pp,-,gtp_p
gtp,ADNCYC,-,gtp_c
gtp,ASPCT,-,gtp_c
gtp,CBPS,+,gtp_c
gtp,DGK1,-,gtp_c
gtp,DURIK1,+,gtp_c
gtp,GLGC,-,gtp_c
gtp,GLUSy,-,gtp_c
gtp,GSNK,-,gtp_c
gtp,IMPD,-,gtp_c
gtp,LYSDC,-,gtp_c
gtp,METAT,-,gtp_c
gtp,MTHFD,-,gtp_c
gtp,NDPK1,-,gtp_c
gtp,NTD1,-,gtp_c
gtp,NTD10,-,gtp_c
gtp,NTP12,-,gtp_c
gtp,NTPTP1,-,gtp_c
gtp,ORNDC,+,gtp_c
gtp,PPC,+,gtp_c
gtp,PYK,-,gtp_c
gtp,TMPPP,-,gtp_c
gtp,UPPRT,+,gtp_c
gua,PUNP1,-,gua_c
h2o2,ACNML,-,h2o2_c
h2o2,CAT,-,h2o2_c
h2o2,CBPS,-,h2o2_c
h2o2,CPPPGO2,-,h2o2_c
h2o2,CSND,-,h2o2_c
h2o2,DHCINDO,-,h2o2_c
h2o2,EDD,-,h2o2_c
h2o2,QULNS,-,h2o2_c
h2o2,RNDR1,+,h2o2_c
h2o2,SELNPS,-,h2o2_c
h2o2,SPODM,-,h2o2_c
h2o2,THRTRS,-,h2o2_c
h2o2,TKT1,+,h2o2_c
h2s,NO3R2bpp,-,h2s_c
h2s,SPODM,-,h2s_c
h2s,SULR,-,h2s_c
hco3,CFAS160E,+,hco3_c
hco3,LACZ,-,hco3_c
hcys__L,HCYSMT,+,hcys__L_c
hcys__L,HSK,-,hcys__L_c
hdca,DAGK160,+,hdca_c
hdcea,G3PAT120,-,hdcea_c
his__L,ATPPRT,-,his__L_c
his__L,CAT,+,his__L_c
his__L,CSND,+,his__L_c
his__L,GLNS,-,his__L_c
his__L,GLUSy,-,his__L_c
his__L,HISTP,-,his__L_c
histd,HISTP,-,histd_c
histd,HISTRS,-,histd_c
hom__L,CSND,+,hom__L_c
hom__L,GLUDy,-,hom__L_c
hom__L,GLUSy,-,hom__L_c
hom__L,HCYSMT,+,hom__L_c
hom__L,HSDy,-,hom__L_c
hom__L,HSK,-,hom__L_c
hom__L,PGCD,-,hom__L_c
hpyr,ACHBS,-,hpyr_c
hpyr,ACNML,-,hpyr_c
hpyr,GLGC,+,hpyr_c
hpyr,PDH,-,hpyr_c
iasp,ASPO6,-,iasp_c
icit,GLUSy,-,icit_c
ile__L,ACHBS,-,ile__L_c
ile__L,CSND,+,ile__L_c
ile__L,HSK,-,ile__L_c
ile__L,OCBT,-,ile__L_c
ile__L,SERD_L,-,ile__L_c
imp,ADPT,-,imp_c
imp,ADSS,-,imp_c
imp,DGK1,-,imp_c
imp,GLUPRT,-,imp_c
imp,GMPR,-,imp_c
imp,MTHFD,-,imp_c
imp,PRASCSi,-,imp_c
indole,ALAALAr,-,indole_c
indole,EAR121x,-,indole_c
inost,GLNS,+,inost_c
ins,ASPCT,-,ins_c
ins,CTPS2,-,ins_c
itp,3NTD2pp,-,itp_c
itp,ASPCT,-,itp_c
itp,CBPS,+,itp_c
itp,GLUSy,-,itp_c
itp,LEUTRS,-,itp_c
itp,NTD1,-,itp_c
itp,NTD10,-,itp_c
kdo,GLCRAL,-,kdo_c
kdo2lipid4,MOAT,-,kdo2lipid4_c
kdo2lipid4,MOAT2,-,kdo2lipid4_c
kdo8p,KDOPS,-,kdo8p_c
lac__L,PDH,-,lac__L_c
lac__L,UAMAS,-,lac__L_c
lald__D,TALA,-,lald__D_c
lald__L,LCADi,-,lald__L_c
leu__L,ACHBS,-,leu__L_c
leu__L,ASPK,-,leu__L_c
leu__L,CSND,+,leu__L_c
leu__L,IPPS,-,leu__L_c
leu__L,OCBT,-,leu__L_c
leu__L,VALTA,-,leu__L_c
leu__L,VPAMTr,-,leu__L_c
lipa,MOAT,-,lipa_c
lipa,MOAT2,-,lipa_c
lipidAds,MOAT,-,lipidAds_c
lipidAds,MOAT2,-,lipidAds_c
lipoate,OPHBDC,+,lipoate_c
lys__L,ARGDC,-,lys__L_c
lys__L,ASPK,-,lys__L_c
lys__L,DAPDC,-,lys__L_c
lys__L,HSK,-,lys__L_c
lys__L,OCBT,-,lys__L_c
mal__D,ASPT,-,mal__D_c
mal__D,DOGULNR,-,mal__D_c
mal__L,ASPK,-,mal__L_c
mal__L,ASPT,-,mal__L_c
mal__L,GLUSy,-,mal__L_c
mal__L,PPC,-,mal__L_c
malcoa,PNTK,-,malcoa_c
man6p,SBTPD,-,man6p_c
mana,MANAO,-,mana_c
mana,TAGURr,-,mana_c
meoh,ASPT,-,meoh_c
meoh,OPHBDC,+,meoh_c
meoh,UAGPT3,-,meoh_c
met__D,GLUSy,-,met__D_c
met__D,HSST,-,met__D_c
met__L,FTHFD,+,met__L_c
met__L,GLUSy,-,met__L_c
met__L,HCYSMT,-,met__L_c
met__L,HSK,-,met__L_c
met__L,HSST,-,met__L_c
met__L,METS,-,met__L_c
met__L,OCBT,-,met__L_c
met__L,TRPAS2,-,met__L_c
metsox_S__L,GLNS,-,metsox_S__L_c
mlthf,MTHFR2,-,mlthf_c
mlthf,TMDS,-,mlthf_c
mnl1p,MAN6PI,-,mnl1p_c
mnl1p,TREptspp,-,mnl1p_c
mthgxl,FCLPA,-,mthgxl_c
mthgxl,LCADi,-,mthgxl_c
nad,ACALD,+,nad_c
nad,ASNN,-,nad_c
nad,ASPO6,-,nad_c
nad,CS,-,nad_c
nad,DHQS,-,nad_c
nad,G3PD2,-,nad_c
nad,GALS3,+,nad_c
nad,MANAO,-,nad_c
nad,NADH16pp,-,nad_c
nad,NMNAT,-,nad_c
nadh,AB6PGH,-,nadh_c
nadh,AGMHE,-,nadh_c
nadh,ASNN,-,nadh_c
nadh,CS,-,nadh_c
nadh,G6PDH2r,-,nadh_c
nadh,LCADi,-,nadh_c
nadh,ME2,-,nadh_c
nadh,MTHFR2,-,nadh_c
nadh,NADK,-,nadh_c
nadh,P5CR,-,nadh_c
nadh,PGCD,-,nadh_c
nadh,PPCK,-,nadh_c
nadh,PTA2,-,nadh_c
nadh,SUCOAS,-,nadh_c
nadh,UDPG4E,-,nadh_c
nadp,3OAR121,-,nadp_c
nadp,ASNN,-,nadp_c
nadp,BETALDHx,-,nadp_c
nadp,DPR,-,nadp_c
nadp,FMNRx2,-,nadp_c
nadp,G3PD2,-,nadp_c
nadp,GDMANE,-,nadp_c
nadp,GLGC,+,nadp_c
nadp,GLUSy,-,nadp_c
nadp,GND,-,nadp_c
nadp,HSDy,-,nadp_c
nadp,KARA1,-,nadp_c
nadp,ME2,-,nadp_c
nadp,NADK,-,nadp_c
nadp,NTRIR2x,-,nadp_c
nadp,P5CR,-,nadp_c
nadp,SULR,-,nadp_c
nadp,TRDR,-,nadp_c
nadp,UAPGR,-,nadp_c
nadph,ASNN,-,nadph_c
nadph,G3PD2,-,nadph_c
nadph,G5SD,-,nadph_c
nadph,G6PDH2r,-,nadph_c
nadph,GLGC,+,nadph_c
nadph,GLUSy,-,nadph_c
nadph,GMAND,+,nadph_c
nadph,GND,-,nadph_c
nadph,GTHOr,-,nadph_c
nadph,KARA1,-,nadph_c
nadph,NADK,-,nadph_c
nadph,P5CR,-,nadph_c
nadph,PTA2,-,nadph_c
nadph,PTHRpp,-,nadph_c
nadph,THD2pp,-,nadph_c
nadph,UAPGR,-,nadph_c
nadph,UDPGALM,+,nadph_c
nicrnt,NNDPR,-,nicrnt_c
nmn,G3PD2,-,nmn_c
no,DHAD1,-,no_c
no,NODOx,-,no_c
no2,FHL,-,no2_c
no3,ADSS,-,no3_c
no3,FHL,-,no3_c
no3,GLCP2,-,no3_c
no3,GLCRAL,-,no3_c
no3,SULR,-,no3_c
o2,EDD,-,o2_c
o2,FHL,-,o2_c
o2,OBTFL,-,o2_c
o2,QULNS,-,o2_c
o2s,FUM,-,o2s_c
o2s,TKT1,-,o2s_c
oaa,CITL,-,oaa_c
oaa,CS,-,oaa_c
oaa,GLUSy,-,oaa_c
oaa,ICDHyr,-,oaa_c
oaa,ME2,-,oaa_c
oaa,PPS,-,oaa_c
oaa,PTHRpp,+,oaa_c
ocdca,DAGK160,+,ocdca_c
ocdcea,DAGK160,+,ocdcea_c
ocdcea,G3PAT120,-,ocdcea_c
orn,ACODA,-,orn_c
orn,ACOTA,-,orn_c
orn,AGMT,-,orn_c
orn,ARGDC,-,orn_c
orn,ARGTRS,-,orn_c
orn,CBPS,+,orn_c
orn,CSND,+,orn_c
orn,LYSTRS,-,orn_c
orn,OCBT,-,orn_c
oxa,ASP1DC,-,oxa_c
oxa,FORCT,-,oxa_c
oxa,ICL,-,oxa_c
oxa,MALS,-,oxa_c
oxa,PPCK,-,oxa_c
oxa,PPS,-,oxa_c
oxam,LDH_D,-,oxam_c
oxam,OBTFL,+,oxam_c
pa160,DAGK160,+,pa160_c
pacald,BETALDHx,-,pacald_c
pan4p,PNTK,-,pan4p_c
pan4p,PTPATi,-,pan4p_c
pant__R,DPR,-,pant__R_c
pant__R,MOHMT,-,pant__R_c
pap,PAPSR,-,pap_c
paps,ADSK,-,paps_c
pdx5p,GCALDD,-,pdx5p_c
pdx5p,PDX5POi,-,pdx5p_c
pep,AB6PGH,-,pep_c
pep,FBA,+,pep_c
pep,G3PD2,-,pep_c
pep,ICDHyr,-,pep_c
pep,ICL,-,pep_c
pep,MGSA,-,pep_c
pep,PFK,-,pep_c
pep,PGI,-,pep_c
pep,PPCK,-,pep_c
pep,PPS,-,pep_c
pep,PTHRpp,+,pep_c
pep,PYK,+,pep_c
pep,TMPPP,-,pep_c
pg160,ZN2abcpp,+,pg160_c
pg180,ZN2abcpp,+,pg180_c
phe__L,CHORM,-,phe__L_c
phe__L,CSND,+,phe__L_c
phe__L,DDPA,-,phe__L_c
phe__L,TRPAS2,-,phe__L_c
pheme,NODOx,+,pheme_c
phpyr,PDH,-,phpyr_c
phthr,4HTHRS,-,phthr_c
pi,23PDE2pp,-,pi_p
pi,3OAS121,+,pi_c
pi,ACODA,+,pi_c
pi,AMPN,-,pi_c
pi,ATPS4rpp,-,pi_c
pi,DDPA,-,pi_c
pi,DPR,-,pi_c
pi,FBP,-,pi_c
pi,G3PAT120,-,pi_c
pi,GALCTD,-,pi_c
pi,GLGC,-,pi_c
pi,GTPCI,-,pi_c
pi,GTPCII2,-,pi_c
pi,ICL,-,pi_c
pi,KDOPS,-,pi_c
pi,METAT,-,pi_c
pi,MGSA,-,pi_c
pi,OCBT,-,pi_c
pi,PGPP120,-,pi_c
pi,PPM2,-,pi_c
pi,PRAIS,-,pi_c
pi,PYNP2r,-,pi_c
pi,RMPA,-,pi_c
pi,RPI,-,pi_c
pi,SELNPS,-,pi_c
pi,TALA,-,pi_c
pi,TRDR,+,pi_c
pmtcoa,EAR121x,-,pmtcoa_c
pmtcoa,EAR121y,-,pmtcoa_c
pmtcoa,G3PAT120,-,pmtcoa_c
pmtcoa,G3PD2,-,pmtcoa_c
pmtcoa,PNTK,-,pmtcoa_c
pnto__R,CITL,+,pnto__R_c
pnto__R,MOHMT,-,pnto__R_c
pnto__R,PANTS,-,pnto__R_c
ppa,ACS,-,ppa_c
ppa,MCITD,+,ppa_c
ppal,DRPA,-,ppal_c
ppcoa,CS,-,ppcoa_c
ppgpp,ADPT,-,ppgpp_c
ppgpp,ADSS,-,ppgpp_c
ppgpp,GDPDPK,-,ppgpp_c
ppgpp,GTPDPDP,-,ppgpp_c
ppgpp,LYSDC,-,ppgpp_c
ppgpp,UPPRT,+,ppgpp_c
pphn,CHORM,-,pphn_c
ppi,ACS,-,ppi_c
ppi,ADNCYC,-,ppi_c
ppi,ARGTRS,-,ppi_c
ppi,ASNN,+,ppi_c
ppi,ASNS1,-,ppi_c
ppi,ASPCT,-,ppi_c
ppi,ASPT,-,ppi_c
ppi,ATPS4rpp,-,ppi_c
ppi,DNTPPA,-,ppi_c
ppi,FBA,-,ppi_c
ppi,G1PTT,-,ppi_c
ppi,GALCTD,-,ppi_c
ppi,GDPMNP,-,ppi_c
ppi,GLCRAL,-,ppi_c
ppi,GLGC,-,ppi_c
ppi,GMPS2,-,ppi_c
ppi,GTPCII2,-,ppi_c
ppi,HISTRS,-,ppi_c
ppi,ILETRS,-,ppi_c
ppi,KDOCT2,-,ppi_c
ppi,METAT,-,ppi_c
ppi,MGSA,-,ppi_c
ppi,NDPK1,-,ppi_c
ppi,NNDPR,-,ppi_c
ppi,NTPP1,-,ppi_c
ppi,PANTS,-,ppi_c
ppi,PPA,-,ppi_c
ppi,PTPATi,-,ppi_c
ppi,SERTRS,-,ppi_c
ppi,TALA,-,ppi_c
ppi,TMPK,-,ppi_c
ppi,TMPPP,-,ppi_c
ppi,TYRTRS,-,ppi_c
ppp9,CPPPGO,-,ppp9_c
pppi,ASNN,+,pppi_c
pppi,METAT,-,pppi_c
pppn,PHETRS,-,pppn_c
pram,PRAGSr,-,pram_c
pro__L,GLNS,+,pro__L_c
pro__L,GLU5K,-,pro__L_c
pro__L,P5CR,-,pro__L_c
prpp,GLUPRT,+,prpp_c
prpp,UPPRT,-,prpp_c
pser__L,ASPT,-,pser__L_c
pser__L,HSK,-,pser__L_c
pser__L,ORNDC,-,pser__L_c
ptrc,AGMT,-,ptrc_c
ptrc,ARGDC,-,ptrc_c
ptrc,DHFR,-,ptrc_c
ptrc,LYSDC,-,ptrc_c
ptrc,ORNDC,-,ptrc_c
pyam5p,GCALDD,-,pyam5p_c
pydam,GCALDD,-,pydam_c
pydx,ARGDC,-,pydx_c
pydx,PPCDC,-,pydx_c
pydx,PYDAMK,-,pydx_c
pydx5p,ADNCYC,-,pydx5p_c
pydx5p,E4PD,-,pydx5p_c
pydx5p,GCALDD,+,pydx5p_c
pydx5p,GF6PTA,-,pydx5p_c
pydx5p,GLGC,+,pydx5p_c
pydx5p,GLUDy,-,pydx5p_c
pydx5p,GLYC2Pabcpp,-,pydx5p_c
pydx5p,HSK,-,pydx5p_c
pydx5p,PDX5POi,-,pydx5p_c
pydx5p,PPCDC,-,pydx5p_c
pydx5p,PSCVT,-,pydx5p_c
pydx5p,PYDAMK,-,pydx5p_c
pydxn,HMPK1,-,pydxn_c
pyr,ACNML,-,pyr_c
pyr,ADMDC,+,pyr_c
pyr,DXPS,-,pyr_c
pyr,GLGC,+,pyr_c
pyr,GLUSy,-,pyr_c
pyr,HOPNTAL,-,pyr_c
pyr,LDH_D,+,pyr_c
pyr,MALS,-,pyr_c
pyr,MCPST,-,pyr_c
pyr,MOHMT,-,pyr_c
pyr,OBTFL,+,pyr_c
pyr,PSCVT,-,pyr_c
pyr,PSD120,+,pyr_c
pyr,PTHRpp,+,pyr_p
pyr,SERD_L,-,pyr_c
r15bp,PPM2,+,r15bp_c
r1p,DURIPP,-,r1p_c
r1p,PYNP2r,-,r1p_c
rib__D,RBK,-,rib__D_c
ribflv,AIRC2,-,ribflv_c
ru5p__D,GND,-,ru5p__D_c
s17bp,DDPA,-,s17bp_c
s17bp,GLGC,+,s17bp_c
s7p,DDPA,-,s7p_c
sarcs,BETALDHx,-,sarcs_c
sbt6p,GF6PTA,-,sbt6p_c
selnp,SELNPS,-,selnp_c
ser__L,CSND,+,ser__L_c
ser__L,GHMT2r,+,ser__L_c
ser__L,GLNS,-,ser__L_c
ser__L,GLUSy,-,ser__L_c
ser__L,HSDy,-,ser__L_c
ser__L,HSK,-,ser__L_c
ser__L,OCBT,-,ser__L_c
ser__L,PGCD,-,ser__L_c
ser__L,PSP_L,-,ser__L_c
ser__L,SERAT,-,ser__L_c
ser__L,SERD_D,-,ser__L_c
ser__L,UAMAS,-,ser__L_c
so3,CYANST,-,so3_c
so3,NTRIR2x,-,so3_c
so4,AMPN,-,so4_c
so4,CTPS2,-,so4_c
so4,CYANST,-,so4_c
so4,DURIPP,-,so4_c
so4,FBP,+,so4_c
so4,ICL,-,so4_c
so4,PPM2,-,so4_c
so4,RMPA,-,so4_c
so4,SULR,-,so4_c
so4,TALA,-,so4_c
so4,TYRTRS,-,so4_c
spmd,ADMDC,-,spmd_c
spmd,APCS,-,spmd_c
spmd,ARGDC,-,spmd_c
spmd,ARGTRS,+,spmd_c
spmd,DHFR,-,spmd_c
spmd,G3PAT120,+,spmd_c
spmd,G6PDH2r,+,spmd_c
spmd,ILETRS,+,spmd_c
spmd,LYSDC,-,spmd_c
spmd,ORNDC,-,spmd_c
spmd,PTRCabcpp,-,spmd_c
succ,ABTA,-,succ_c
succ,ADSS,-,succ_c
succ,ASP1DC,-,succ_c
succ,ASPK,-,succ_c
succ,ASPT,-,succ_c
succ,DHQTi,-,succ_c
succ,GLUSy,-,succ_c
succ,ICL,-,succ_c
succ,PPC,-,succ_c
succ,SUCOAS,-,succ_c
succoa,PNTK,-,succoa_c
succoa,PYK,-,succoa_c
tagur,MNNH,+,tagur_c
tartr__D,DHQTi,-,tartr__D_c
tartr__L,DOGULNR,-,tartr__L_c
tartr__L,FUM,-,tartr__L_c
tartr__L,GLCRD,-,tartr__L_c
taur,PANTS,-,taur_c
tdcoa,EDTXS1,-,tdcoa_c
thf,METS,-,thf_c
thf,MOHMT,-,thf_c
thm,TMPK,-,thm_c
thmpp,NTP12,-,thmpp_c
thmpp,SEPHCHCS,+,thmpp_c
thr__L,ASPK,-,thr__L_c
thr__L,CSND,+,thr__L_c
thr__L,HSDy,-,thr__L_c
thr__L,HSK,-,thr__L_c
thr__L,PGCD,-,thr__L_c
trdrd,ADSK,+,trdrd_c
tre6p,GLGC,-,tre6p_c
trp__L,ANPRT,-,trp__L_c
trp__L,ANS,-,trp__L_c
trp__L,DDPA,-,trp__L_c
trp__L,GLNS,-,trp__L_c
trp__L,TRPAS2,-,trp__L_c
tsul,CYANST,-,tsul_c
tungs,ASAD,-,tungs_c
tungs,FUM,-,tungs_c
tyr__L,CHORM,-,tyr__L_c
tyr__L,DDPA,-,tyr__L_c
tyr__L,VALTA,-,tyr__L_c
u3aga,UAGAAT,-,u3aga_c
uaccg,UAPGR,-,uaccg_c
uacgam,UAAGDS,-,uacgam_c
uacgam,UAG2E,+,uacgam_c
uacgam,UAGAAT,-,uacgam_c
uacgam,UAGDP,-,uacgam_c
uacgam,UAPGR,-,uacgam_c
uama,GLUR,+,uama_c
uama,UAAGDS,-,uama_c
uama,UAGCVT,-,uama_c
uama,UAMAS,-,uama_c
uamag,UAGCVT,-,uamag_c
uamag,UAMAGS,-,uamag_c
uamr,G1PACT,-,uamr_c
uamr,UAAGDS,-,uamr_c
uamr,UAGCVT,-,uamr_c
udp,CBPS,-,udp_c
udp,RNDR1,-,udp_c
udp,UAAGDS,-,udp_c
udp,UAGPT3,-,udp_c
udp,UAPGR,-,udp_c
udp,UDPG4E,+,udp_c
udpg,GLCP2,-,udpg_c
udpg,UGLT,-,udpg_c
udpgal,UGLT,-,udpgal_c
udpglcur,UDPGD,-,udpglcur_c
ugmd,UAAGDS,-,ugmd_c
ugmda,UAGCVT,-,ugmda_c
ump,CBPS,-,ump_c
ump,CDAPPA120,-,ump_c
ump,GSNK,+,ump_c
ump,OMPDC,-,ump_c
ura,CTPS2,-,ura_c
ura,PYNP2r,-,ura_c
urate,CTPS2,-,urate_c
urea,3OAS121,-,urea_c
urea,ALATRS,-,urea_c
urea,ARGDC,-,urea_c
urea,ASPO6,-,urea_c
urea,CBPS,-,urea_c
urea,CYTD,-,urea_c
urea,DHFR,-,urea_c
urea,ETHAAL,-,urea_c
urea,GHMT2r,-,urea_c
urea,GLUDy,-,urea_c
urea,HISTD,-,urea_c
urea,TKT1,-,urea_c
uri,CTPS2,-,uri_c
uri,CYTD,-,uri_c
uri,DURIPP,-,uri_c
uri,PYNP2r,-,uri_c
utp,3NTD2pp,-,utp_c
utp,CBPS,-,utp_c
utp,CYTDK2,-,utp_c
utp,DXYLK,-,utp_c
utp,GLUDy,+,utp_c
utp,GLUSy,-,utp_c
utp,GTPCI,-,utp_c
utp,NTD1,-,utp_c
utp,NTD10,-,utp_c
utp,NTPP1,-,utp_c
utp,ORPT,-,utp_c
utp,TMPPP,-,utp_c
val__L,ACHBS,-,val__L_c
val__L,CSND,+,val__L_c
val__L,HSK,-,val__L_c
val__L,MOHMT,-,val__L_c
val__L,OCBT,-,val__L_c
val__L,PANTS,-,val__L_c
val__L,SERD_L,+,val__L_c
xan,CTPS2,-,xan_c
xan,DURIPP,-,xan_c
xmp,CBPS,+,xmp_c
xmp,GLUPRT,-,xmp_c
xmp,GMPS2,-,xmp_c
xmp,IMPD,-,xmp_c
xmp,OMPDC,-,xmp_c
xtp,GTPCII2,-,xtp_c
xtsn,CTPS2,-,xtsn_c
xyl__D,PPBNGS,-,xyl__D_c
